{"AL": [[30.223334, -88.473227], [35.008028, -84.922927]], "AK": [[51.810493, -176.684712], [71.341223, -129.974167]], "AZ": [[31.332177, -114.81651], [37.195439, -108.77369]], "AR": [[32.9731, -94.617919], [36.518139, -89.644395]], "CA": [[32.534156, -124.409591], [42.009485, -114.131211]], "CO": [[36.849324, -109.271177], [41.003444, -101.977012]], "CT": [[40.980144, -73.727775], [42.050587, -71.786994]], "DE": [[38.451013, -75.788658], [39.839007, -75.048939]], "FL": [[24.523096, -87.625866414163], [31.000888, -80.031362]], "GA": [[30.357851, -85.605165], [35.000659, -80.839729]], "HI": [[18.910361, -160.247503], [22.232603, -154.806773]], "ID": [[41.799786, -117.243027], [49.000911, -111.043997]], "IL": [[36.980142, -91.513079], [42.508481, -87.495199]], "IN": [[37.771742, -88.097892], [41.760592, -84.784579]], "IA": [[40.375501, -96.726921], [43.55142, -90.140061]], "KS": [[36.892549, -102.051744], [40.033719, -94.588413]], "KY": [[36.497129, -89.417275], [39.147458, -81.964971]], "LA": [[28.928609, -94.043147], [33.019457, -89.003869]], "ME": [[42.977764, -71.037916062326], [47.459686, -66.949895]], "MD": [[37.924432240622096, -79.487651], [39.723043, -75.048939]], "MA": [[41.237964, -73.508142], [42.886589, -69.9285040274615]], "MI": [[41.696118, -90.418136], [47.480187, -82.413474]], "MN": [[43.429776, -97.239209], [49.384358, -89.491739]], "MS": [[30.173943, -91.655009], [34.996052, -88.078614]], "MO": [[35.995683, -95.699969], [40.607010200431894, -89.098843]], "MT": [[44.357962, -116.049155], [49.00139, -103.480361]], "NE": [[39.943209, -104.053514], [43.259726, -95.30829]], "NV": [[35.001857, -120.050836], [42.367997, -114.04090689591801]], "NH": [[42.69699, -72.557247], [45.34725, -70.610621]], "NJ": [[38.928519, -75.559614], [41.357423, -73.893979]], "NM": [[31.332301, -109.150147], [37.000232, -102.969896]], "NY": [[40.496103, -79.762152], [45.012902, -71.856214]], "NC": [[33.842316, -84.321869], [36.588117, -75.460621]], "ND": [[45.731047, -104.048212], [49.000574, -96.554507]], "OH": [[38.403202, -84.820159], [41.977523, -80.518693]], "OK": [[33.615833, -103.002565], [37.002206, -94.430662]], "OR": [[41.847514, -124.566244], [46.236259, -116.463504]], "PA": [[39.7198, -80.519891], [42.26986, -74.689516]], "RI": [[41.146339, -71.862772], [42.018798, -71.12057]], "SC": [[32.0346, -83.35391], [35.215402, -78.5472144205351]], "SD": [[42.479635, -104.392569], [46.20548, -96.35156]], "TN": [[34.982972, -90.310298], [36.677756, -81.6469]], "TX": [[25.837377, -106.645646], [36.820409, -93.508292]], "UT": [[36.873946, -114.227807], [42.001515, -109.041058]], "VT": [[42.726853, -73.431229], [45.016659, -71.464555]], "VA": [[36.540738, -83.675395], [39.466012, -75.242266]], "WA": [[45.543541, -124.740778], [49.002494, -116.915989]], "WV": [[37.201483, -82.644739], [40.638801, -77.719519]], "WI": [[42.491983, -92.888114], [47.080621, -86.805415]], "WY": [[40.514119, -111.289794], [45.096031, -103.816743]], "DC": [[38.804865879572, -77.119759], [38.99511, -76.909395]]}